Canton,Money
SO,42771914.120000005
BS,1392497906.9799998
TI,115262319.9
TG,4018981.0
SH,176691.0
BL,3476142.0
NE,401897647.29999995
ZH,3700714922.290001
AG,122711378.87
BE,1555148270.29
VS,29644090.2
ZG,495715.0
JU,34790345.46
SZ,936551.0
GR,36538316.0
LU,54673286.669999994
VD,2366920086.4500003
GE,1888684759.0999997
FR,459073668.2500001
SG,91194102.44999999
